employee_id,employee_name,department,salary,hire_date
1,Employee_1,IT,70156,2023-09-07
2,Employee_2,HR,38235,2023-04-12
3,Employee_3,HR,92634,2023-08-09
4,Employee_4,Sales,50343,2024-07-26
5,Employee_5,Sales,43419,2023-01-02
6,Employee_6,Sales,45748,2022-12-22
7,Employee_7,Finance,26036,2024-04-14
8,Employee_8,Finance,81961,2022-11-10
9,Employee_9,HR,94426,2023-07-07
10,Employee_10,HR,61581,2023-08-23
11,Employee_11,HR,115424,2023-11-26
12,Employee_12,IT,65320,2022-12-23
13,Employee_13,Sales,56447,2023-12-18
14,Employee_14,IT,67758,2022-04-09
15,Employee_15,Sales,97458,2023-04-22
16,Employee_16,Finance,81303,2023-01-04
17,Employee_17,HR,34417,2022-09-27
18,Employee_18,Finance,39256,2022-10-20
19,Employee_19,Sales,86141,2023-08-10
20,Employee_20,Sales,47264,2024-04-27
21,Employee_21,IT,69891,2022-10-26
22,Employee_22,HR,76062,2023-04-30
23,Employee_23,Sales,117496,2023-02-27
24,Employee_24,IT,63118,2024-05-12
25,Employee_25,HR,111363,2023-03-04
26,Employee_26,Sales,31054,2024-02-29
27,Employee_27,IT,111990,2024-04-15
28,Employee_28,Finance,57171,2023-12-18
29,Employee_29,HR,103380,2023-06-15
30,Employee_30,Finance,48538,2022-05-26
31,Employee_31,Finance,117189,2023-08-30
32,Employee_32,IT,69773,2023-11-30
33,Employee_33,IT,37315,2023-11-10
34,Employee_34,Finance,46788,2022-12-07
35,Employee_35,IT,84350,2023-12-23
36,Employee_36,IT,54671,2022-02-15
37,Employee_37,IT,106504,2024-08-03
38,Employee_38,Finance,56861,2022-10-16
39,Employee_39,IT,105588,2023-01-06
40,Employee_40,Finance,117089,2024-04-09
41,Employee_41,IT,80284,2022-09-18
42,Employee_42,Sales,26437,2022-10-19
43,Employee_43,Sales,44578,2023-12-28
44,Employee_44,Sales,98265,2022-06-29
45,Employee_45,Finance,113643,2023-10-06
46,Employee_46,HR,111447,2024-07-24
47,Employee_47,Sales,79550,2022-06-30
48,Employee_48,Finance,64388,2023-10-30
49,Employee_49,Sales,107924,2023-10-24
50,Employee_50,IT,95161,2024-01-14
51,Employee_51,IT,54334,2022-02-28
52,Employee_52,Finance,57966,2023-06-18
53,Employee_53,Finance,78327,2023-06-15
54,Employee_54,IT,56591,2024-03-02
55,Employee_55,Sales,96187,2023-05-14
56,Employee_56,HR,45570,2023-12-21
57,Employee_57,Sales,116479,2023-01-19
58,Employee_58,Sales,65811,2023-10-28
59,Employee_59,IT,27875,2022-11-07
60,Employee_60,Sales,44919,2023-12-20
61,Employee_61,Sales,118524,2022-02-02
62,Employee_62,Sales,51545,2022-10-08
63,Employee_63,IT,112733,2023-05-24
64,Employee_64,HR,61269,2022-01-05
65,Employee_65,IT,63060,2022-05-07
66,Employee_66,Finance,48774,2024-04-28
67,Employee_67,Sales,88147,2022-12-28
68,Employee_68,Finance,100471,2022-08-16
69,Employee_69,HR,91908,2024-09-05
70,Employee_70,Sales,107311,2024-02-12
71,Employee_71,Finance,60037,2023-05-19
72,Employee_72,Sales,26805,2023-12-29
73,Employee_73,HR,98050,2023-05-18
74,Employee_74,IT,55438,2022-03-31
75,Employee_75,HR,83977,2022-02-10
76,Employee_76,HR,93526,2024-01-03
77,Employee_77,Finance,78769,2022-11-30
78,Employee_78,HR,117998,2024-06-30
79,Employee_79,IT,81997,2022-02-20
80,Employee_80,HR,33739,2023-12-14
81,Employee_81,IT,63670,2024-08-05
82,Employee_82,IT,89658,2024-08-13
83,Employee_83,Sales,68935,2022-04-03
84,Employee_84,HR,84789,2023-08-03
85,Employee_85,Sales,84589,2023-05-28
86,Employee_86,Sales,61691,2024-02-25
87,Employee_87,IT,30292,2024-01-20
88,Employee_88,HR,66549,2024-05-29
89,Employee_89,HR,29926,2024-04-25
90,Employee_90,IT,51356,2023-10-12
91,Employee_91,IT,48793,2023-10-15
92,Employee_92,Finance,85827,2023-01-28
93,Employee_93,Sales,99401,2023-05-22
94,Employee_94,HR,96300,2023-07-29
95,Employee_95,Sales,108193,2023-04-13
96,Employee_96,Sales,37588,2023-08-04
97,Employee_97,Finance,70132,2022-08-26
98,Employee_98,Finance,43203,2022-09-25
99,Employee_99,Sales,74485,2023-06-26
100,Employee_100,Sales,119798,2024-03-10
101,Employee_101,Sales,106985,2022-01-26
102,Employee_102,HR,114030,2023-09-09
103,Employee_103,Finance,55231,2023-02-21
104,Employee_104,HR,31372,2023-09-11
105,Employee_105,HR,109666,2022-12-16
106,Employee_106,HR,72811,2024-01-31
107,Employee_107,IT,53931,2023-01-25
108,Employee_108,HR,106539,2022-09-14
109,Employee_109,HR,35044,2023-10-16
110,Employee_110,IT,97004,2024-01-30
111,Employee_111,Sales,53475,2024-04-22
112,Employee_112,HR,115398,2023-04-21
113,Employee_113,Sales,64238,2022-01-29
114,Employee_114,IT,104007,2023-03-29
115,Employee_115,Sales,87639,2022-06-25
116,Employee_116,Sales,35360,2023-03-11
117,Employee_117,Finance,31880,2022-04-28
118,Employee_118,IT,86352,2023-02-26
119,Employee_119,Sales,109031,2023-06-28
120,Employee_120,HR,82369,2023-04-26
121,Employee_121,Sales,56578,2022-10-01
122,Employee_122,Finance,26501,2024-01-31
123,Employee_123,Sales,52382,2023-07-08
124,Employee_124,Sales,82157,2024-08-04
125,Employee_125,IT,59252,2023-09-25
126,Employee_126,IT,75179,2023-09-20
127,Employee_127,HR,59437,2022-11-01
128,Employee_128,Finance,47571,2023-01-20
129,Employee_129,HR,49683,2023-12-12
130,Employee_130,IT,114871,2023-01-19
131,Employee_131,Sales,92895,2023-09-10
132,Employee_132,IT,61091,2024-05-08
133,Employee_133,HR,84001,2023-04-06
134,Employee_134,IT,103251,2023-09-27
135,Employee_135,Sales,103984,2022-02-13
136,Employee_136,Finance,50062,2023-06-22
137,Employee_137,IT,89693,2024-05-04
138,Employee_138,Finance,92591,2023-11-16
139,Employee_139,IT,95704,2024-05-16
140,Employee_140,Sales,84829,2024-03-12
141,Employee_141,IT,83215,2023-02-22
142,Employee_142,IT,93813,2022-03-18
143,Employee_143,IT,43605,2022-03-28
144,Employee_144,Finance,102318,2024-03-13
145,Employee_145,IT,118691,2024-06-11
146,Employee_146,Finance,92745,2022-03-27
147,Employee_147,Sales,94107,2022-09-24
148,Employee_148,Finance,43303,2023-08-02
149,Employee_149,Sales,93866,2022-07-08
150,Employee_150,Finance,57027,2023-08-10
151,Employee_151,IT,95007,2024-03-12
152,Employee_152,IT,84256,2024-03-09
153,Employee_153,Finance,30903,2023-05-12
154,Employee_154,HR,75982,2022-11-24
155,Employee_155,HR,70352,2024-05-29
156,Employee_156,IT,73789,2023-10-31
157,Employee_157,HR,48794,2022-08-12
158,Employee_158,Sales,102041,2022-05-05
159,Employee_159,IT,76336,2022-09-24
160,Employee_160,IT,50260,2023-10-09
161,Employee_161,IT,54666,2024-04-04
162,Employee_162,Sales,27248,2022-08-16
163,Employee_163,HR,101610,2023-08-23
164,Employee_164,HR,26168,2022-05-12
165,Employee_165,Finance,105040,2024-05-31
166,Employee_166,Finance,50995,2024-02-20
167,Employee_167,HR,65906,2022-12-15
168,Employee_168,IT,25396,2022-05-12
169,Employee_169,IT,107549,2023-07-07
170,Employee_170,Sales,109083,2023-01-16
171,Employee_171,HR,104385,2024-09-10
172,Employee_172,HR,55593,2023-10-06
173,Employee_173,Sales,58925,2024-05-04
174,Employee_174,Sales,46314,2024-07-17
175,Employee_175,Finance,49322,2023-10-26
176,Employee_176,Finance,42452,2022-02-04
177,Employee_177,Sales,29469,2022-08-26
178,Employee_178,IT,45519,2022-09-11
179,Employee_179,HR,81369,2024-06-08
180,Employee_180,Sales,113400,2024-07-05
181,Employee_181,HR,117177,2023-12-06
182,Employee_182,IT,46359,2024-06-02
183,Employee_183,IT,100189,2022-08-20
184,Employee_184,Sales,78076,2022-10-15
185,Employee_185,Finance,89492,2022-12-26
186,Employee_186,IT,108150,2024-02-24
187,Employee_187,Finance,45308,2023-07-27
188,Employee_188,IT,33481,2022-08-03
189,Employee_189,Finance,111985,2022-08-09
190,Employee_190,Sales,61488,2023-09-12
191,Employee_191,Finance,39577,2024-03-25
192,Employee_192,Sales,35968,2024-01-25
193,Employee_193,Finance,70474,2022-05-07
194,Employee_194,Sales,65547,2024-09-14
195,Employee_195,HR,44474,2022-03-15
196,Employee_196,HR,90953,2023-11-16
197,Employee_197,Sales,71576,2022-08-12
198,Employee_198,IT,41222,2022-02-23
199,Employee_199,Sales,56614,2022-09-29
200,Employee_200,Sales,57042,2024-03-16
201,Employee_201,Sales,80795,2023-05-18
202,Employee_202,Sales,103660,2024-04-13
203,Employee_203,IT,89747,2022-08-17
204,Employee_204,Sales,112104,2023-02-04
205,Employee_205,HR,68185,2023-09-21
206,Employee_206,HR,97264,2023-05-26
207,Employee_207,HR,102360,2023-02-12
208,Employee_208,Finance,76060,2024-08-23
209,Employee_209,IT,88287,2024-02-27
210,Employee_210,Sales,62652,2023-04-25
211,Employee_211,HR,47892,2023-10-04
212,Employee_212,HR,34988,2023-12-01
213,Employee_213,IT,29444,2022-01-21
214,Employee_214,Sales,65001,2024-08-29
215,Employee_215,IT,40699,2023-01-26
216,Employee_216,IT,47998,2022-11-08
217,Employee_217,Finance,94880,2024-06-23
218,Employee_218,Finance,65208,2023-05-30
219,Employee_219,HR,95219,2024-08-12
220,Employee_220,IT,104822,2022-06-12
221,Employee_221,HR,92786,2023-09-15
222,Employee_222,IT,44816,2023-01-03
223,Employee_223,IT,29262,2022-05-24
224,Employee_224,IT,26582,2024-04-22
225,Employee_225,HR,64419,2023-03-09
226,Employee_226,Sales,32424,2023-01-02
227,Employee_227,HR,116048,2022-12-29
228,Employee_228,IT,118191,2024-06-07
229,Employee_229,Finance,74548,2023-08-15
230,Employee_230,HR,58916,2024-07-26
231,Employee_231,IT,73274,2024-06-03
232,Employee_232,IT,49620,2024-04-06
233,Employee_233,IT,67307,2023-02-27
234,Employee_234,Finance,105302,2024-04-30
235,Employee_235,Finance,34110,2024-08-24
236,Employee_236,IT,100253,2022-10-17
237,Employee_237,Sales,76098,2023-08-31
238,Employee_238,Finance,103269,2022-07-04
239,Employee_239,HR,39793,2022-11-28
240,Employee_240,IT,46498,2024-05-31
241,Employee_241,Finance,31707,2022-01-28
242,Employee_242,HR,56211,2022-10-07
243,Employee_243,HR,78571,2023-04-04
244,Employee_244,IT,40308,2023-07-10
245,Employee_245,HR,87249,2023-01-08
246,Employee_246,HR,77080,2022-04-27
247,Employee_247,Finance,109253,2024-04-02
248,Employee_248,Finance,107901,2024-03-19
249,Employee_249,Finance,92137,2022-07-01
250,Employee_250,IT,65410,2023-03-30
251,Employee_251,Finance,117212,2022-02-16
252,Employee_252,Finance,73159,2023-01-16
253,Employee_253,Finance,27203,2022-05-11
254,Employee_254,IT,82864,2024-03-11
255,Employee_255,HR,58048,2023-09-14
256,Employee_256,Finance,105494,2024-04-28
257,Employee_257,HR,78254,2023-12-31
258,Employee_258,IT,60930,2023-12-01
259,Employee_259,Sales,80435,2023-07-29
260,Employee_260,IT,119652,2024-06-27
261,Employee_261,HR,63092,2022-12-05
262,Employee_262,Sales,28167,2022-01-23
263,Employee_263,Finance,77959,2023-03-08
264,Employee_264,Sales,109304,2023-10-13
265,Employee_265,HR,42383,2023-07-15
266,Employee_266,Sales,88517,2022-10-14
267,Employee_267,IT,104855,2022-03-09
268,Employee_268,IT,42111,2022-05-17
269,Employee_269,HR,36373,2022-06-25
270,Employee_270,HR,50892,2024-07-14
271,Employee_271,IT,119448,2023-03-11
272,Employee_272,IT,31501,2024-08-31
273,Employee_273,Sales,67898,2024-07-10
274,Employee_274,Finance,103509,2022-10-10
275,Employee_275,Sales,63006,2022-02-15
276,Employee_276,IT,67390,2024-05-06
277,Employee_277,HR,27363,2024-04-24
278,Employee_278,Sales,56746,2022-07-23
279,Employee_279,HR,101974,2023-07-23
280,Employee_280,Finance,77954,2022-10-19
281,Employee_281,IT,26545,2023-02-27
282,Employee_282,Sales,76880,2022-03-08
283,Employee_283,HR,95066,2024-07-25
284,Employee_284,HR,38467,2022-11-26
285,Employee_285,Sales,81803,2024-03-23
286,Employee_286,Finance,117588,2023-04-02
287,Employee_287,Finance,85650,2023-10-13
288,Employee_288,HR,84724,2023-06-14
289,Employee_289,IT,108718,2023-03-02
290,Employee_290,Sales,102008,2022-05-26
291,Employee_291,IT,74235,2023-06-13
292,Employee_292,HR,83420,2022-06-10
293,Employee_293,HR,102352,2022-04-12
294,Employee_294,IT,44631,2022-05-14
295,Employee_295,HR,116327,2022-03-15
296,Employee_296,Sales,86432,2023-10-08
297,Employee_297,Sales,57328,2022-09-29
298,Employee_298,HR,31424,2022-10-05
299,Employee_299,Sales,78363,2024-07-19
300,Employee_300,HR,92721,2023-11-10
